surface	normalized	phones	source	confidence	notes
runnin	runnin	R UH1 N IH0 N	legacy	0.99	common rap spelling
movin	movin	M OW1 V IH0 N	legacy	0.99	common rap spelling
pullin	pullin	P AH1 L IH0 N	legacy	0.99	common rap spelling
tryna	tryna	T R AY1 N AH0	legacy	0.97	common rap spelling
finna	finna	F IH1 N AH0	legacy	0.97	common rap spelling
imma	imma	AH1 M AH0	legacy	0.96	common rap spelling
ima	ima	AY1 M AH0	legacy	0.96	common rap spelling
gimme	gimme	G IH1 M IY0	legacy	0.98	common rap spelling
lemme	lemme	L EH1 M IY0	legacy	0.98	common rap spelling
nah	nah	N AA1	legacy	0.96	common rap spelling
naw	naw	N AO1	legacy	0.96	common rap spelling
thang	thang	TH AE1 NG	legacy	0.95	common rap spelling
homie	homie	H OW1 M IY0	legacy	0.95	common rap spelling
shorty	shorty	SH AO1 R T IY0	legacy	0.95	common rap spelling
